upc,name,brand,sku_number,color,size
6287014260109,CHEESE PUFF,MUROOJ,60109,,90g
6281011421013,AL OSRA COARSE SUGAR,AL OSRA,21013,,10KG
6281011411021,AL OSRA FINE SUGAR,AL OSRA,11021,,10KG
7613034981448,CERELAC RICE,CERELAC,81448,,400g
7613034981653,CERELAC WHEET & HONEY,CERELAC,81653,,400g
6281051007369,DARI FOUL MUDAMMAS,DARI,17369,,400ml
6281003122317,MAZOLLA MAYOCHUP,DARI,22317,,340ml
6281003122249,MAZOLLA MAYONAISE GARLIC,DARI,22249,,340ml
6281020042407,RICE INDIA GATE CLASSIC,INDIA GATE,42407,,5KG
6287004500215,SALT REEMAS,REEMAS,22215,,700g
6281006412965,CLOSE UP TOOTH PASTE,CLOSE UP,12965,,120ml
