firstname,lastname,email,password,role,company,status,cr_no,vat_no
Mohamad,Kaakati,mkaakati@sirdab.co,123456789,0,Sirdab Inc.,0,124367299,5524304151
Partner,One,partner_1@sirdab.co,123456789,1,One Logistics Corporation.,0,268362701,1885619694
Partner,Two,partner_2@sirdab.co,123456789,1,Two Logistics Inc.,0,200646225,4326862975
Merchant,One,merchant_1@sirdab.co,123456789,2,Merchant One Inc.,0,235061548,3893015944
Merchant,Two,merchant_2@sirdab.co,123456789,2,Merchant Two Co.,0,156219130,1470465257
