{
  "family": "production-backend-task",
  "requiresCompatibilities": ["EC2"],
  "containerDefinitions": [
    {
      "logConfiguration": {
        "logDriver": "awslogs",
        "options": {
          "awslogs-group": "productionLogGroup",
          "awslogs-region": "eu-central-1",
          "awslogs-stream-prefix": "production-backend"
        }
      },
      "ulimits": [
        {
          "name": "cpu",
          "softLimit": 1024,
          "hardLimit": 1024
        },
        {
          "name": "memlock",
          "softLimit": 4096,
          "hardLimit": 4096
        }
      ],
      "memory": 4096,
      "cpu": 1024,
      "image": "public.ecr.aws/i2i9s4o1/backend_app:latest",
      "name": "backend_app",
      "essential": true,
      "command": ["bundle", "exec", "rails", "s", "-p", "3000", "-b", "0.0.0.0"],
      "portMappings": [
        {
          "containerPort": 3000,
          "hostPort": 80
        }
      ],
      "environment": [
        {
          "name": "APP_NAME",
          "value": "Sirdab"
        },
        {
          "name": "APP_DOMAIN",
          "value": "sirdab.app"
        },
        {
          "name": "DB_DEV_USER",
          "value": "sirdabprod"
        },
        {
          "name": "DB_DEV_NAME",
          "value": "sirdab_prod_db"
        },
        {
          "name": "DB_DEV_PASSWORD",
          "value": "ycDbgUJ4nHl6"
        },
        {
          "name": "DB_DEV_HOST",
          "value": "sirdab-prod-db.c6m5qfooysst.eu-central-1.rds.amazonaws.com"
        },
        {
          "name": "DEV_DEB_PORT",
          "value": "5432"
        },
        {
          "name": "RACK_ENV",
          "value": "production"
        },
        {
          "name": "RAILS_ENV",
          "value": "production"
        },
        {
          "name": "REDIS_URL",
          "value": "redis://user:j6VCXCN07Rwf@35.157.111.29:6379/0"
        },
        {
          "name": "SIDEKIQ_REDIS_URL",
          "value": "redis://user:j6VCXCN07Rwf@35.157.111.29:6379/0"
        },
        {
          "name": "AWS_S3_ACCESS_KEY",
          "value": "AKIAZLNZUFRE4Q5MJUTY"
        },
        {
          "name": "AWS_S3_SECRET_ACCESS_KEY",
          "value": "FLTHSmRBYQdXFWy1cLc3Y894/dzVvN5TPUL0tSET"
        },
        {
          "name": "AWS_S3_REGION",
          "value": "me-central-1"
        },
        {
          "name": "AWS_S3_BUCKET",
          "value": "sirdabbucket"
        },
        {
          "name": "AWS_SES_SMTP_ENDPOINT",
          "value": "email-smtp.eu-central-1.amazonaws.com"
        },
        {
          "name": "AWS_SES_SMTP_USER",
          "value": "AKIAZLNZUFRE5YUGOEUF"
        },
        {
          "name": "AWS_SES_SMTP_PASSWORD",
          "value": "BGTTnjG41itS4PE2qFwFkJAa5CnHCqWwbMUkLeMqEwnx"
        },
        {
          "name": "AWS_SMTP_PORT",
          "value": "587"
        },
        {
          "name": "AWS_SMTP_AUTHENTICATION",
          "value": "login"
        },
        {
          "name": "AWS_SES_LIMIT_PER_SECOND",
          "value": "14"
        },
        {
          "name": "AWS_SES_LIMIT_PER_DAY",
          "value": "50000"
        },
        {
          "name": "AWS_SES_DEFAULT_SENDER",
          "value": "Sirdab Notifications <notifications@sirdab.co>"
        },
        {
          "name": "APP_ADDRESS",
          "value": "Tuwaiq District"
        },
        {
          "name": "APP_CITY",
          "value": "Riyadh"
        },
        {
          "name": "APP_COUNTRY",
          "value": "Saudi Arabia"
        },
        {
          "name": "APP_COLOR_PRIMARY",
          "value": "#03989E"
        },
        {
          "name": "APP_COLOR_SECONDARY",
          "value": "#057378"
        },
        {
          "name": "REDIS_USER",
          "value": "user"
        },
        {
          "name": "REDIS_PASSWORD",
          "value": "j6VCXCN07Rwf"
        },
        {
          "name": "REDIS_SERVER",
          "value": "35.157.111.29"
        },
        {
          "name": "REDIS_SERVER_PORT",
          "value": "6379"
        }
      ]
    },
    {
      "logConfiguration": {
        "logDriver": "awslogs",
        "options": {
          "awslogs-group": "productionLogGroup",
          "awslogs-region": "eu-central-1",
          "awslogs-stream-prefix": "sidekiq"
        }
      },
      "image": "public.ecr.aws/i2i9s4o1/backend_app:latest",
      "name": "sidekiq",
      "hostname": "sidekiq",
      "ulimits": [
        {
          "name": "cpu",
          "softLimit": 1024,
          "hardLimit": 1024
        },
        {
          "name": "memlock",
          "softLimit": 2048,
          "hardLimit": 2048
        }
      ],
      "memory": 2048,
      "cpu": 1024,
      "essential": true,
      "command": ["bundle", "exec", "sidekiq", "-C", "config/sidekiq.yml"],
      "environment": [
        {
          "name": "APP_NAME",
          "value": "Sirdab"
        },
        {
          "name": "APP_DOMAIN",
          "value": "sirdab.app"
        },
        {
          "name": "DB_PROD_USER",
          "value": "sirdabprod"
        },
        {
          "name": "DB_PROD_NAME",
          "value": "sirdab_prod_db"
        },
        {
          "name": "DB_PROD_PASSWORD",
          "value": "ycDbgUJ4nHl6"
        },
        {
          "name": "DB_PROD_HOST",
          "value": "sirdab-prod-db.c6m5qfooysst.eu-central-1.rds.amazonaws.com"
        },
        {
          "name": "PROD_DB_PORT",
          "value": "5432"
        },
        {
          "name": "APP_DATABASE_URL",
          "value": "postgres://sirdabprod:ycDbgUJ4nHl6@sirdab-prod-db.c6m5qfooysst.eu-central-1.rds.amazonaws.com/sirdab_prod_db"
        },
        {
          "name": "RACK_ENV",
          "value": "production"
        },
        {
          "name": "RAILS_ENV",
          "value": "production"
        },
        {
          "name": "REDIS_URL",
          "value": "redis://user:j6VCXCN07Rwf@35.157.111.29:6379/0"
        },
        {
          "name": "SIDEKIQ_REDIS_URL",
          "value": "redis://user:j6VCXCN07Rwf@35.157.111.29:6379/0"
        },
        {
          "name": "AWS_S3_ACCESS_KEY",
          "value": "AKIAZLNZUFRE4Q5MJUTY"
        },
        {
          "name": "AWS_S3_SECRET_ACCESS_KEY",
          "value": "FLTHSmRBYQdXFWy1cLc3Y894/dzVvN5TPUL0tSET"
        },
        {
          "name": "AWS_S3_REGION",
          "value": "me-central-1"
        },
        {
          "name": "AWS_S3_BUCKET",
          "value": "sirdabbucket"
        },
        {
          "name": "AWS_SES_SMTP_ENDPOINT",
          "value": "email-smtp.eu-central-1.amazonaws.com"
        },
        {
          "name": "AWS_SES_SMTP_USER",
          "value": "AKIAZLNZUFRE5YUGOEUF"
        },
        {
          "name": "AWS_SES_SMTP_PASSWORD",
          "value": "BGTTnjG41itS4PE2qFwFkJAa5CnHCqWwbMUkLeMqEwnx"
        },
        {
          "name": "AWS_SMTP_PORT",
          "value": "587"
        },
        {
          "name": "AWS_SMTP_AUTHENTICATION",
          "value": "login"
        },
        {
          "name": "AWS_SES_LIMIT_PER_SECOND",
          "value": "14"
        },
        {
          "name": "AWS_SES_DEFAULT_SENDER",
          "value": "Sirdab Notifications <notifications@sirdab.co>"
        },
        {
          "name": "AWS_SES_LIMIT_PER_DAY",
          "value": "50000"
        },
        {
          "name": "APP_ADDRESS",
          "value": "Tuwaiq District"
        },
        {
          "name": "APP_CITY",
          "value": "Riyadh"
        },
        {
          "name": "APP_COUNTRY",
          "value": "Saudi Arabia"
        },
        {
          "name": "APP_COLOR_PRIMARY",
          "value": "#03989E"
        },
        {
          "name": "APP_COLOR_SECONDARY",
          "value": "#057378"
        },
        {
          "name": "REDIS_USER",
          "value": "user"
        },
        {
          "name": "REDIS_PASSWORD",
          "value": "j6VCXCN07Rwf"
        },
        {
          "name": "REDIS_SERVER",
          "value": "35.157.111.29"
        },
        {
          "name": "REDIS_SERVER_PORT",
          "value": "6379"
        }
      ]
    }
  ]
}
